package_date,bc_id,sdtmig_start_version,sdtmig_end_version,domain,vlm_source,vlm_group_id,short_name,sdtm_variable,dec_id,nsv_flag,codelist,codelist_submission_value,subset_codelist,value_list,assigned_term,assigned_value,role,subject,linking_phrase,predicate_term,object,data_type,length,format,significant_digits,mandatory_variable,mandatory_value,origin_type,origin_source,comparator,vlm_target
2025-12-16,C191060,3-2,,RS,RS.RSTESTCD,MVAI101,MVAI1-Extension,RSTESTCD,,N,C190930,MVAI1TC,,,C191060,MVAI101,Topic,RSTESTCD,is the code for the value in,IS_DECODED_BY,RSTEST,,,,,Y,Y,,,EQ,
2025-12-16,C191060,3-2,,RS,RS.RSTESTCD,MVAI101,MVAI1-Extension,RSTEST,,N,C190929,MVAI1TN,,,C191060,MVAI1-Extension,Qualifier,RSTEST,decodes the value in,DECODES,RSTESTCD,,,,,Y,Y,,,,
2025-12-16,C191060,3-2,,RS,RS.RSTESTCD,MVAI101,MVAI1-Extension,RSCAT,C25372,N,C118971,CCCAT,,,C191038,MVAI,Qualifier,RSCAT,groups values in,GROUPS,RSTESTCD,,,,,Y,Y,,,EQ,
2025-12-16,C191060,3-2,,RS,RS.RSTESTCD,MVAI101,MVAI1-Extension,RSORRES,C91106,N,C190893,MVAI101OR,,,,,Qualifier,RSORRES,is the result of the test in,IS_RESULT_OF,RSTESTCD,text,20.0,,,Y,N,Collected,Investigator,,Y
2025-12-16,C191060,3-2,,RS,RS.RSTESTCD,MVAI101,MVAI1-Extension,RSSTRESC,C91106,N,C190894,MVAI101STR,,,,,Qualifier,RSSTRESC,is the result of the test in,IS_RESULT_OF,RSTESTCD,integer,1.0,,,Y,N,Assigned,Sponsor,,Y
2025-12-16,C191060,3-2,,RS,RS.RSTESTCD,MVAI101,MVAI1-Extension,RSSTRESN,C46126,N,C190894,MVAI101STR,,,,,Qualifier,RSSTRESN,is the result of the test in,IS_RESULT_OF,RSTESTCD,integer,1.0,,,Y,N,Assigned,Sponsor,,Y
2025-12-16,C191060,3-2,,RS,RS.RSTESTCD,MVAI101,MVAI1-Extension,RSDTC,C82515,N,,,,,,,Timing,RSDTC,is the date of occurrence for,IS_TIMING_FOR,RSTESTCD,,,,,Y,N,Collected,Investigator,,
2025-12-16,C191061,3-2,,RS,RS.RSTESTCD,MVAI102,MVAI1-Hyperintensity T2-weighted Images,RSTESTCD,,N,C190930,MVAI1TC,,,C191061,MVAI102,Topic,RSTESTCD,is the code for the value in,IS_DECODED_BY,RSTEST,,,,,Y,Y,,,EQ,
2025-12-16,C191061,3-2,,RS,RS.RSTESTCD,MVAI102,MVAI1-Hyperintensity T2-weighted Images,RSTEST,,N,C190929,MVAI1TN,,,C191061,MVAI1-Hyperintensity T2-weighted Images,Qualifier,RSTEST,decodes the value in,DECODES,RSTESTCD,,,,,Y,Y,,,,
2025-12-16,C191061,3-2,,RS,RS.RSTESTCD,MVAI102,MVAI1-Hyperintensity T2-weighted Images,RSCAT,C25372,N,C118971,CCCAT,,,C191038,MVAI,Qualifier,RSCAT,groups values in,GROUPS,RSTESTCD,,,,,Y,Y,,,EQ,
2025-12-16,C191061,3-2,,RS,RS.RSTESTCD,MVAI102,MVAI1-Hyperintensity T2-weighted Images,RSORRES,C91106,N,C190895,MVAI102OR,,,,,Qualifier,RSORRES,is the result of the test in,IS_RESULT_OF,RSTESTCD,text,20.0,,,Y,N,Collected,Investigator,,Y
2025-12-16,C191061,3-2,,RS,RS.RSTESTCD,MVAI102,MVAI1-Hyperintensity T2-weighted Images,RSSTRESC,C91106,N,C190896,MVAI102STR,,,,,Qualifier,RSSTRESC,is the result of the test in,IS_RESULT_OF,RSTESTCD,integer,1.0,,,Y,N,Assigned,Sponsor,,Y
2025-12-16,C191061,3-2,,RS,RS.RSTESTCD,MVAI102,MVAI1-Hyperintensity T2-weighted Images,RSSTRESN,C46126,N,C190896,MVAI102STR,,,,,Qualifier,RSSTRESN,is the result of the test in,IS_RESULT_OF,RSTESTCD,integer,1.0,,,Y,N,Assigned,Sponsor,,Y
2025-12-16,C191061,3-2,,RS,RS.RSTESTCD,MVAI102,MVAI1-Hyperintensity T2-weighted Images,RSDTC,C82515,N,,,,,,,Timing,RSDTC,is the date of occurrence for,IS_TIMING_FOR,RSTESTCD,,,,,Y,N,Collected,Investigator,,
2025-12-16,C191062,3-2,,RS,RS.RSTESTCD,MVAI103,MVAI1-Rectal Wall Involvement,RSTESTCD,,N,C190930,MVAI1TC,,,C191062,MVAI103,Topic,RSTESTCD,is the code for the value in,IS_DECODED_BY,RSTEST,,,,,Y,Y,,,EQ,
2025-12-16,C191062,3-2,,RS,RS.RSTESTCD,MVAI103,MVAI1-Rectal Wall Involvement,RSTEST,,N,C190929,MVAI1TN,,,C191062,MVAI1-Rectal Wall Involvement,Qualifier,RSTEST,decodes the value in,DECODES,RSTESTCD,,,,,Y,Y,,,,
2025-12-16,C191062,3-2,,RS,RS.RSTESTCD,MVAI103,MVAI1-Rectal Wall Involvement,RSCAT,C25372,N,C118971,CCCAT,,,C191038,MVAI,Qualifier,RSCAT,groups values in,GROUPS,RSTESTCD,,,,,Y,Y,,,EQ,
2025-12-16,C191062,3-2,,RS,RS.RSTESTCD,MVAI103,MVAI1-Rectal Wall Involvement,RSORRES,C91106,N,C190897,MVAI103OR,,,,,Qualifier,RSORRES,is the result of the test in,IS_RESULT_OF,RSTESTCD,text,20.0,,,Y,N,Collected,Investigator,,Y
2025-12-16,C191062,3-2,,RS,RS.RSTESTCD,MVAI103,MVAI1-Rectal Wall Involvement,RSSTRESC,C91106,N,C190898,MVAI103STR,,,,,Qualifier,RSSTRESC,is the result of the test in,IS_RESULT_OF,RSTESTCD,integer,1.0,,,Y,N,Assigned,Sponsor,,Y
2025-12-16,C191062,3-2,,RS,RS.RSTESTCD,MVAI103,MVAI1-Rectal Wall Involvement,RSSTRESN,C46126,N,C190898,MVAI103STR,,,,,Qualifier,RSSTRESN,is the result of the test in,IS_RESULT_OF,RSTESTCD,integer,1.0,,,Y,N,Assigned,Sponsor,,Y
2025-12-16,C191062,3-2,,RS,RS.RSTESTCD,MVAI103,MVAI1-Rectal Wall Involvement,RSDTC,C82515,N,,,,,,,Timing,RSDTC,is the date of occurrence for,IS_TIMING_FOR,RSTESTCD,,,,,Y,N,Collected,Investigator,,
2025-12-16,C191063,3-2,,RS,RS.RSTESTCD,MVAI104,MVAI1-Inflammatory Mass,RSTESTCD,,N,C190930,MVAI1TC,,,C191063,MVAI104,Topic,RSTESTCD,is the code for the value in,IS_DECODED_BY,RSTEST,,,,,Y,Y,,,EQ,
2025-12-16,C191063,3-2,,RS,RS.RSTESTCD,MVAI104,MVAI1-Inflammatory Mass,RSTEST,,N,C190929,MVAI1TN,,,C191063,MVAI1-Inflammatory Mass,Qualifier,RSTEST,decodes the value in,DECODES,RSTESTCD,,,,,Y,Y,,,,
2025-12-16,C191063,3-2,,RS,RS.RSTESTCD,MVAI104,MVAI1-Inflammatory Mass,RSCAT,C25372,N,C118971,CCCAT,,,C191038,MVAI,Qualifier,RSCAT,groups values in,GROUPS,RSTESTCD,,,,,Y,Y,,,EQ,
2025-12-16,C191063,3-2,,RS,RS.RSTESTCD,MVAI104,MVAI1-Inflammatory Mass,RSORRES,C91106,N,C190899,MVAI104OR,,,,,Qualifier,RSORRES,is the result of the test in,IS_RESULT_OF,RSTESTCD,text,20.0,,,Y,N,Collected,Investigator,,Y
2025-12-16,C191063,3-2,,RS,RS.RSTESTCD,MVAI104,MVAI1-Inflammatory Mass,RSSTRESC,C91106,N,C190900,MVAI104STR,,,,,Qualifier,RSSTRESC,is the result of the test in,IS_RESULT_OF,RSTESTCD,integer,1.0,,,Y,N,Assigned,Sponsor,,Y
2025-12-16,C191063,3-2,,RS,RS.RSTESTCD,MVAI104,MVAI1-Inflammatory Mass,RSSTRESN,C46126,N,C190900,MVAI104STR,,,,,Qualifier,RSSTRESN,is the result of the test in,IS_RESULT_OF,RSTESTCD,integer,1.0,,,Y,N,Assigned,Sponsor,,Y
2025-12-16,C191063,3-2,,RS,RS.RSTESTCD,MVAI104,MVAI1-Inflammatory Mass,RSDTC,C82515,N,,,,,,,Timing,RSDTC,is the date of occurrence for,IS_TIMING_FOR,RSTESTCD,,,,,Y,N,Collected,Investigator,,
2025-12-16,C191064,3-2,,RS,RS.RSTESTCD,MVAI105,MVAI1-Dominant Feature,RSTESTCD,,N,C190930,MVAI1TC,,,C191064,MVAI105,Topic,RSTESTCD,is the code for the value in,IS_DECODED_BY,RSTEST,,,,,Y,Y,,,EQ,
2025-12-16,C191064,3-2,,RS,RS.RSTESTCD,MVAI105,MVAI1-Dominant Feature,RSTEST,,N,C190929,MVAI1TN,,,C191064,MVAI1-Dominant Feature,Qualifier,RSTEST,decodes the value in,DECODES,RSTESTCD,,,,,Y,Y,,,,
2025-12-16,C191064,3-2,,RS,RS.RSTESTCD,MVAI105,MVAI1-Dominant Feature,RSCAT,C25372,N,C118971,CCCAT,,,C191038,MVAI,Qualifier,RSCAT,groups values in,GROUPS,RSTESTCD,,,,,Y,Y,,,EQ,
2025-12-16,C191064,3-2,,RS,RS.RSTESTCD,MVAI105,MVAI1-Dominant Feature,RSORRES,C91106,N,C190901,MVAI105OR,,,,,Qualifier,RSORRES,is the result of the test in,IS_RESULT_OF,RSTESTCD,text,20.0,,,Y,N,Collected,Investigator,,Y
2025-12-16,C191064,3-2,,RS,RS.RSTESTCD,MVAI105,MVAI1-Dominant Feature,RSSTRESC,C91106,N,C190902,MVAI105STR,,,,,Qualifier,RSSTRESC,is the result of the test in,IS_RESULT_OF,RSTESTCD,integer,1.0,,,Y,N,Assigned,Sponsor,,Y
2025-12-16,C191064,3-2,,RS,RS.RSTESTCD,MVAI105,MVAI1-Dominant Feature,RSSTRESN,C46126,N,C190902,MVAI105STR,,,,,Qualifier,RSSTRESN,is the result of the test in,IS_RESULT_OF,RSTESTCD,integer,1.0,,,Y,N,Assigned,Sponsor,,Y
2025-12-16,C191064,3-2,,RS,RS.RSTESTCD,MVAI105,MVAI1-Dominant Feature,RSDTC,C82515,N,,,,,,,Timing,RSDTC,is the date of occurrence for,IS_TIMING_FOR,RSTESTCD,,,,,Y,N,Collected,Investigator,,
2025-12-16,C191065,3-2,,RS,RS.RSTESTCD,MVAI106,MVAI1-Total Score,RSTESTCD,,N,C190930,MVAI1TC,,,C191065,MVAI106,Topic,RSTESTCD,is the code for the value in,IS_DECODED_BY,RSTEST,,,,,Y,Y,,,EQ,
2025-12-16,C191065,3-2,,RS,RS.RSTESTCD,MVAI106,MVAI1-Total Score,RSTEST,,N,C190929,MVAI1TN,,,C191065,MVAI1-Total Score,Qualifier,RSTEST,decodes the value in,DECODES,RSTESTCD,,,,,Y,Y,,,,
2025-12-16,C191065,3-2,,RS,RS.RSTESTCD,MVAI106,MVAI1-Total Score,RSCAT,C25372,N,C118971,CCCAT,,,C191038,MVAI,Qualifier,RSCAT,groups values in,GROUPS,RSTESTCD,,,,,Y,Y,,,EQ,
2025-12-16,C191065,3-2,,RS,RS.RSTESTCD,MVAI106,MVAI1-Total Score,RSORRES,C91106,N,,,,,,,Qualifier,RSORRES,is the result of the test in,IS_RESULT_OF,RSTESTCD,text,20.0,,,Y,N,Collected,Investigator,,Y
2025-12-16,C191065,3-2,,RS,RS.RSTESTCD,MVAI106,MVAI1-Total Score,RSSTRESC,C91106,N,,,,,,,Qualifier,RSSTRESC,is the result of the test in,IS_RESULT_OF,RSTESTCD,integer,1.0,,,Y,N,Assigned,Sponsor,,Y
2025-12-16,C191065,3-2,,RS,RS.RSTESTCD,MVAI106,MVAI1-Total Score,RSSTRESN,C46126,N,,,,,,,Qualifier,RSSTRESN,is the result of the test in,IS_RESULT_OF,RSTESTCD,integer,1.0,,,Y,N,Assigned,Sponsor,,Y
2025-12-16,C191065,3-2,,RS,RS.RSTESTCD,MVAI106,MVAI1-Total Score,RSDTC,C82515,N,,,,,,,Timing,RSDTC,is the date of occurrence for,IS_TIMING_FOR,RSTESTCD,,,,,Y,N,Collected,Investigator,,
2025-12-16,C25299,3-2,,VS,VS.VSTESTCD,DIABP_EXT,Diastolic Blood Pressure Extended,VSTESTCD,,N,C66741,VSTESTCD,,,C25299,DIABP,Topic,VSTESTCD,is the code for the value in,IS_DECODED_BY,VSTEST,,,,,Y,Y,,,EQ,
2025-12-16,C25299,3-2,,VS,VS.VSTESTCD,DIABP_EXT,Diastolic Blood Pressure Extended,VSTEST,,N,C67153,VSTEST,,,C25299,Diastolic Blood Pressure,Qualifier,VSTEST,decodes the value in,DECODES,VSTESTCD,,,,,Y,Y,,,,
2025-12-16,C25299,3-2,,VS,VS.VSTESTCD,DIABP_EXT,Diastolic Blood Pressure Extended,VSORRES,C70856,N,,,,,,,Qualifier,VSORRES,is the result of the test in,IS_RESULT_OF,VSTESTCD,integer,3.0,,,Y,N,Collected,Investigator,,Y
2025-12-16,C25299,3-2,,VS,VS.VSTESTCD,DIABP_EXT,Diastolic Blood Pressure Extended,VSORRESU,C49669,N,C66770,VSRESU,,mmHg;cmHg,,,Qualifier,VSORRESU,is the unit for the value in,IS_UNIT_FOR,VSORRES,,,,,Y,N,,,,Y
2025-12-16,C25299,3-2,,VS,VS.VSTESTCD,DIABP_EXT,Diastolic Blood Pressure Extended,VSSTRESC,C70856,N,,,,,,,Qualifier,VSSTRESC,is the result of the test in,IS_RESULT_OF,VSTESTCD,integer,3.0,,,N,N,,,,Y
2025-12-16,C25299,3-2,,VS,VS.VSTESTCD,DIABP_EXT,Diastolic Blood Pressure Extended,VSSTRESN,C70856,N,,,,,,,Qualifier,VSSTRESN,is the result of the test in,IS_RESULT_OF,VSTESTCD,integer,3.0,,,N,N,,,,Y
2025-12-16,C25299,3-2,,VS,VS.VSTESTCD,DIABP_EXT,Diastolic Blood Pressure Extended,VSSTRESU,C49669,N,C66770,VSRESU,,mmHg;cmHg,,,Qualifier,VSSTRESU,is the unit for the value in,IS_UNIT_FOR,VSSTRESN,,,,,N,N,,,,Y
2025-12-16,C25299,3-2,,VS,VS.VSTESTCD,DIABP_EXT,Diastolic Blood Pressure Extended,VSPOS,C62164,N,C71148,POSITION,,"DECUBITUS;FOWLERS;LATERAL DECUBITUS;LEFT LATERAL DECUBITUS;PRONE;REVERSE TRENDELENBURG;RIGHT LATERAL DECUBITUS;SEMI-FOWLERS;SEMI-RECUMBENT;SITTING;SITTING, LEGS DEPENDENT;SLING;STANDING;STANDING, BENT FORWARD;SUPINE;TRENDELENBURG;UNCONSTRAINED",,,Qualifier,VSPOS,is the subject position during performance of the test in,IS_SUBJECT_STATE_FOR,VSTESTCD,,,,,N,N,,,IN,
2025-12-16,C25299,3-2,,VS,VS.VSTESTCD,DIABP_EXT,Diastolic Blood Pressure Extended,VSLOC,C13717,N,C74456,LOC,,BRACHIAL ARTERY;CAROTID ARTERY;DORSALIS PEDIS ARTERY;FEMORAL ARTERY;FINGER;PERIPHERAL ARTERY;RADIAL ARTERY,,,Qualifier,VSLOC,specifies the anatomical location of the performance of the test in,SPECIFIES,VSTESTCD,,,,,N,N,,,IN,
2025-12-16,C25299,3-2,,VS,VS.VSTESTCD,DIABP_EXT,Diastolic Blood Pressure Extended,VSLAT,C25185,N,C99073,LAT,VSLAT_BP,LEFT;RIGHT,,,Qualifier,VSLAT,further specifies the anatomical location in,SPECIFIES,VSLOC,,,,,N,N,,,IN,
2025-12-16,C25299,3-2,,VS,VS.VSTESTCD,DIABP_EXT,Diastolic Blood Pressure Extended,VSDTC,C82515,N,,,,,,,Timing,VSDTC,is the date of occurrence for,IS_TIMING_FOR,VSTESTCD,,,,,Y,N,,,,
2025-12-16,C49677,3-2,,VS,VS.VSTESTCD,HR_EXT,Heart Rate Extended,VSTESTCD,,N,C66741,VSTESTCD,,,C49677,HR,Topic,VSTESTCD,is the code for the value in,IS_DECODED_BY,VSTEST,,,,,Y,Y,,,EQ,
2025-12-16,C49677,3-2,,VS,VS.VSTESTCD,HR_EXT,Heart Rate Extended,VSTEST,,N,C67153,VSTEST,,,C49677,Heart Rate,Qualifier,VSTEST,decodes the value in,DECODES,VSTESTCD,,,,,Y,Y,,,,
2025-12-16,C49677,3-2,,VS,VS.VSTESTCD,HR_EXT,Heart Rate Extended,VSORRES,C70856,N,,,,,,,Qualifier,VSORRES,is the result of the test in,IS_RESULT_OF,VSTESTCD,integer,3.0,,,Y,N,Collected,Investigator,,Y
2025-12-16,C49677,3-2,,VS,VS.VSTESTCD,HR_EXT,Heart Rate Extended,VSORRESU,C73688,N,C66770,VSRESU,,,C49673,beats/min,Qualifier,VSORRESU,is the unit for the value in,IS_UNIT_FOR,VSORRES,,,,,Y,N,,,,Y
2025-12-16,C49677,3-2,,VS,VS.VSTESTCD,HR_EXT,Heart Rate Extended,VSSTRESC,C70856,N,,,,,,,Qualifier,VSSTRESC,is the result of the test in,IS_RESULT_OF,VSTESTCD,integer,3.0,,,N,N,,,,Y
2025-12-16,C49677,3-2,,VS,VS.VSTESTCD,HR_EXT,Heart Rate Extended,VSSTRESN,C70856,N,,,,,,,Qualifier,VSSTRESN,is the result of the test in,IS_RESULT_OF,VSTESTCD,integer,3.0,,,N,N,,,,Y
2025-12-16,C49677,3-2,,VS,VS.VSTESTCD,HR_EXT,Heart Rate Extended,VSSTRESU,C73688,N,C66770,VSRESU,,,C49673,beats/min,Qualifier,VSSTRESU,is the unit for the value in,IS_UNIT_FOR,VSSTRESN,,,,,N,N,,,,Y
2025-12-16,C49677,3-2,,VS,VS.VSTESTCD,HR_EXT,Heart Rate Extended,VSPOS,C62164,N,C71148,POSITION,,"DECUBITUS;FOWLERS;LATERAL DECUBITUS;LEFT LATERAL DECUBITUS;PRONE;REVERSE TRENDELENBURG;RIGHT LATERAL DECUBITUS;SEMI-FOWLERS;SEMI-RECUMBENT;SITTING;SITTING, LEGS DEPENDENT;SLING;STANDING;STANDING, BENT FORWARD;SUPINE;TRENDELENBURG;UNCONSTRAINED",,,Qualifier,VSPOS,is the subject position during performance of the test in,IS_SUBJECT_STATE_FOR,VSTESTCD,,,,,N,N,,,IN,
2025-12-16,C49677,3-2,,VS,VS.VSTESTCD,HR_EXT,Heart Rate Extended,VSLOC,C13717,N,C74456,LOC,,BRACHIAL ARTERY;CAROTID ARTERY;CEREBRAL ARTERY;DORSALIS PEDIS ARTERY;FEMORAL ARTERY;PERIPHERAL ARTERY;RADIAL ARTERY,,,Qualifier,VSLOC,specifies the anatomical location of the performance of the test in,SPECIFIES,VSTESTCD,,,,,N,N,,,IN,
2025-12-16,C49677,3-2,,VS,VS.VSTESTCD,HR_EXT,Heart Rate Extended,VSLAT,C25185,N,C99073,LAT,VSLAT_BP,LEFT;RIGHT,,,Qualifier,VSLAT,further specifies the anatomical location in,SPECIFIES,VSLOC,,,,,N,N,,,IN,
2025-12-16,C49677,3-2,,VS,VS.VSTESTCD,HR_EXT,Heart Rate Extended,VSDTC,C82515,N,,,,,,,Timing,VSDTC,is the date of occurrence for,IS_TIMING_FOR,VSTESTCD,,,,,Y,N,,,,
2025-12-16,C49676,3-2,,VS,VS.VSTESTCD,PULSE_EXT,Pulse Extended,VSTESTCD,,N,C66741,VSTESTCD,,,C49676,PULSE,Topic,VSTESTCD,is the code for the value in,IS_DECODED_BY,VSTEST,,,,,Y,Y,,,EQ,
2025-12-16,C49676,3-2,,VS,VS.VSTESTCD,PULSE_EXT,Pulse Extended,VSTEST,,N,C67153,VSTEST,,,C49676,Pulse Rate,Qualifier,VSTEST,decodes the value in,DECODES,VSTESTCD,,,,,Y,Y,,,,
2025-12-16,C49676,3-2,,VS,VS.VSTESTCD,PULSE_EXT,Pulse Extended,VSORRES,C70856,N,,,,,,,Qualifier,VSORRES,is the result of the test in,IS_RESULT_OF,VSTESTCD,integer,3.0,,,Y,N,Collected,Investigator,,Y
2025-12-16,C49676,3-2,,VS,VS.VSTESTCD,PULSE_EXT,Pulse Extended,VSORRESU,C73688,N,C66770,VSRESU,,,C49673,beats/min,Qualifier,VSORRESU,is the unit for the value in,IS_UNIT_FOR,VSORRES,,,,,Y,N,,,,Y
2025-12-16,C49676,3-2,,VS,VS.VSTESTCD,PULSE_EXT,Pulse Extended,VSSTRESC,C70856,N,,,,,,,Qualifier,VSSTRESC,is the result of the test in,IS_RESULT_OF,VSTESTCD,integer,3.0,,,N,N,,,,Y
2025-12-16,C49676,3-2,,VS,VS.VSTESTCD,PULSE_EXT,Pulse Extended,VSSTRESN,C70856,N,,,,,,,Qualifier,VSSTRESN,is the result of the test in,IS_RESULT_OF,VSTESTCD,integer,3.0,,,N,N,,,,Y
2025-12-16,C49676,3-2,,VS,VS.VSTESTCD,PULSE_EXT,Pulse Extended,VSSTRESU,C73688,N,C66770,VSRESU,,,C49673,beats/min,Qualifier,VSSTRESU,is the unit for the value in,IS_UNIT_FOR,VSSTRESN,,,,,N,N,,,,Y
2025-12-16,C49676,3-2,,VS,VS.VSTESTCD,PULSE_EXT,Pulse Extended,VSPOS,C62164,N,C71148,POSITION,,DECUBITUS;FOWLERS;LATERAL DECUBITUS;LEFT LATERAL DECUBITUS;PRONE;REVERSE TRENDELENBURG;RIGHT LATERAL DECUBITUS;SEMI-FOWLERS;SEMI-RECUMBENT;SITTING;SITTING;LEGS DEPENDENT;SLING;STANDING;STANDING;BENT FORWARD;SUPINE;TRENDELENBURG;UNCONSTRAINED,,,Qualifier,VSPOS,is the subject position during performance of the test in,IS_SUBJECT_STATE_FOR,VSTESTCD,,,,,N,N,,,IN,
2025-12-16,C49676,3-2,,VS,VS.VSTESTCD,PULSE_EXT,Pulse Extended,VSLOC,C13717,N,C74456,LOC,,BRACHIAL ARTERY;CAROTID ARTERY;CEREBRAL ARTERY;DORSALIS PEDIS ARTERY;FEMORAL ARTERY;PERIPHERAL ARTERY;RADIAL ARTERY,,,Qualifier,VSLOC,specifies the anatomical location of the performance of the test in,SPECIFIES,VSTESTCD,,,,,N,N,,,IN,
2025-12-16,C49676,3-2,,VS,VS.VSTESTCD,PULSE_EXT,Pulse Extended,VSLAT,C25185,N,C99073,LAT,VSLAT_BP,LEFT;RIGHT,,,Qualifier,VSLAT,further specifies the anatomical location in,SPECIFIES,VSLOC,,,,,N,N,,,IN,
2025-12-16,C49676,3-2,,VS,VS.VSTESTCD,PULSE_EXT,Pulse Extended,VSDTC,C82515,N,,,,,,,Timing,VSDTC,is the date of occurrence for,IS_TIMING_FOR,VSTESTCD,,,,,Y,N,,,,
2025-12-16,C25298,3-2,,VS,VS.VSTESTCD,SYSBP_EXT,Systolic Blood Pressure Extended,VSTESTCD,,N,C66741,VSTESTCD,,,C25298,SYSBP,Topic,VSTESTCD,is the code for the value in,IS_DECODED_BY,VSTEST,,,,,Y,Y,,,EQ,
2025-12-16,C25298,3-2,,VS,VS.VSTESTCD,SYSBP_EXT,Systolic Blood Pressure Extended,VSTEST,,N,C67153,VSTEST,,,C25298,Systolic Blood Pressure,Qualifier,VSTEST,decodes the value in,DECODES,VSTESTCD,,,,,Y,Y,,,,
2025-12-16,C25298,3-2,,VS,VS.VSTESTCD,SYSBP_EXT,Systolic Blood Pressure Extended,VSORRES,C70856,N,,,,,,,Qualifier,VSORRES,is the result of the test in,IS_RESULT_OF,VSTESTCD,integer,3.0,,,Y,N,Collected,Investigator,,Y
2025-12-16,C25298,3-2,,VS,VS.VSTESTCD,SYSBP_EXT,Systolic Blood Pressure Extended,VSORRESU,C49669,N,C66770,VSRESU,,mmHg;cmHg,,,Qualifier,VSORRESU,is the unit for the value in,IS_UNIT_FOR,VSORRES,,,,,Y,N,,,,Y
2025-12-16,C25298,3-2,,VS,VS.VSTESTCD,SYSBP_EXT,Systolic Blood Pressure Extended,VSSTRESC,C70856,N,,,,,,,Qualifier,VSSTRESC,is the result of the test in,IS_RESULT_OF,VSTESTCD,integer,3.0,,,N,N,,,,Y
2025-12-16,C25298,3-2,,VS,VS.VSTESTCD,SYSBP_EXT,Systolic Blood Pressure Extended,VSSTRESN,C70856,N,,,,,,,Qualifier,VSSTRESN,is the result of the test in,IS_RESULT_OF,VSTESTCD,integer,3.0,,,N,N,,,,Y
2025-12-16,C25298,3-2,,VS,VS.VSTESTCD,SYSBP_EXT,Systolic Blood Pressure Extended,VSSTRESU,C49669,N,C66770,VSRESU,,mmHg;cmHg,,,Qualifier,VSSTRESU,is the unit for the value in,IS_UNIT_FOR,VSSTRESN,,,,,N,N,,,,Y
2025-12-16,C25298,3-2,,VS,VS.VSTESTCD,SYSBP_EXT,Systolic Blood Pressure Extended,VSPOS,C62164,N,C71148,POSITION,,"DECUBITUS;FOWLERS;LATERAL DECUBITUS;LEFT LATERAL DECUBITUS;PRONE;REVERSE TRENDELENBURG;RIGHT LATERAL DECUBITUS;SEMI-FOWLERS;SEMI-RECUMBENT;SITTING;SITTING, LEGS DEPENDENT;SLING;STANDING;STANDING, BENT FORWARD;SUPINE;TRENDELENBURG;UNCONSTRAINED",,,Qualifier,VSPOS,is the subject position during performance of the test in,IS_SUBJECT_STATE_FOR,VSTESTCD,,,,,N,N,,,IN,
2025-12-16,C25298,3-2,,VS,VS.VSTESTCD,SYSBP_EXT,Systolic Blood Pressure Extended,VSLOC,C13717,N,C74456,LOC,,BRACHIAL ARTERY;CAROTID ARTERY;DORSALIS PEDIS ARTERY;FEMORAL ARTERY;FINGER;PERIPHERAL ARTERY;RADIAL ARTERY,,,Qualifier,VSLOC,specifies the anatomical location of the performance of the test in,SPECIFIES,VSTESTCD,,,,,N,N,,,IN,
2025-12-16,C25298,3-2,,VS,VS.VSTESTCD,SYSBP_EXT,Systolic Blood Pressure Extended,VSLAT,C25185,N,C99073,LAT,VSLAT_BP,LEFT;RIGHT,,,Qualifier,VSLAT,further specifies the anatomical location in,SPECIFIES,VSLOC,,,,,N,N,,,IN,
2025-12-16,C25298,3-2,,VS,VS.VSTESTCD,SYSBP_EXT,Systolic Blood Pressure Extended,VSDTC,C82515,N,,,,,,,Timing,VSDTC,is the date of occurrence for,IS_TIMING_FOR,VSTESTCD,,,,,Y,N,,,,
2025-12-16,C100948,3-2,,VS,VS.VSTESTCD,WSTCIR,Waist Circumference,VSTESTCD,,N,C66741,VSTESTCD,,,C100948,WSTCIR,Topic,VSTESTCD,is the code for the value in,IS_DECODED_BY,VSTEST,,,,,Y,Y,,,EQ,
2025-12-16,C100948,3-2,,VS,VS.VSTESTCD,WSTCIR,Waist Circumference,VSTEST,,N,C67153,VSTEST,,,C100948,Waist Circumference,Qualifier,VSTEST,decodes the value in,DECODES,VSTESTCD,,,,,Y,Y,,,,
2025-12-16,C100948,3-2,,VS,VS.VSTESTCD,WSTCIR,Waist Circumference,VSORRES,C70856,N,,,,,,,Qualifier,VSORRES,is the result of the test in,IS_RESULT_OF,VSTESTCD,float,8.0,8.3,3.0,Y,N,Collected,Investigator,,Y
2025-12-16,C100948,3-2,,VS,VS.VSTESTCD,WSTCIR,Waist Circumference,VSORRESU,C42578,N,C66770,VSRESU,VSRESU_WSTCIR,cm;in;mm,,,Qualifier,VSORRESU,is the unit for the value in,IS_UNIT_FOR,VSORRES,,,,,Y,N,,,,Y
2025-12-16,C100948,3-2,,VS,VS.VSTESTCD,WSTCIR,Waist Circumference,VSSTRESC,C70856,N,,,,,,,Qualifier,VSSTRESC,is the result of the test in,IS_RESULT_OF,VSTESTCD,float,8.0,8.3,3.0,N,N,,,,Y
2025-12-16,C100948,3-2,,VS,VS.VSTESTCD,WSTCIR,Waist Circumference,VSSTRESN,C70856,N,,,,,,,Qualifier,VSSTRESN,is the result of the test in,IS_RESULT_OF,VSTESTCD,float,8.0,8.3,3.0,N,N,,,,Y
2025-12-16,C100948,3-2,,VS,VS.VSTESTCD,WSTCIR,Waist Circumference,VSSTRESU,C42578,N,C66770,VSRESU,,,,,Qualifier,VSSTRESU,is the unit for the value in,IS_UNIT_FOR,VSSTRESN,,,,,N,N,,,,Y
2025-12-16,C100948,3-2,,VS,VS.VSTESTCD,WSTCIR,Waist Circumference,VSLOC,C13717,N,C74456,LOC,,,C64192,WAIST,Qualifier,VSLOC,specifies the anatomical location of the performance of the test in,SPECIFIES,VSTESTCD,,,,,N,N,,,EQ,
2025-12-16,C100948,3-2,,VS,VS.VSTESTCD,WSTCIR,Waist Circumference,VSDTC,C82515,N,,,,,,,Timing,VSDTC,is the date of occurrence for,IS_TIMING_FOR,VSTESTCD,,,,,Y,N,,,,
